Id,Title,Description
AATP_ClearText,Stop clear text credentials exposure,"Entities exposing credentials in clear text increase risk as unsecure traffic, such as LDAP simple-bind, is highly susceptible to interception. Attackers can then engage in malicious activities like stealing credentials. Through a security assessment, Microsoft Defender for Identity detects credentials being exposed in clear text through network traffic and event monitoring."
AATP_DormantAccounts,Remove dormant accounts from sensitive groups,An easy and quiet path deep into your organization is through inactive accounts that are a part of sensitive groups. Removing dormant account access rights or deleting the account will help protect your organization's sensitive data and prevent further compromise. Accounts become dormant if they are not used for a period of 180 days.
AATP_HoneyToken,Set a honeytoken account,Setting honeytoken accounts helps to trap malicious actors.  Any authentication attempt associated with these accounts (normally dormant) will trigger a Defender for Identity security alert and will improve your chances to detect advanced threats.
AATP_KerberosDelegations,Modify unsecure Kerberos delegations to prevent impersonation,"Kerberos delegation is a setting that allows applications to request end-user access credentials to access resources on behalf of the originating user. An unsecure Kerberos delegation provides an entity with the ability to impersonate you to any other chosen service. with this security assessment, Microsoft Defender for Identity detects which of your non-domain controller entities are configured for unsecure Kerberos delegation."
AATP_LegacyProtocols,Stop legacy protocols communication,"Legacy protocols, such as NTLMv1, are susceptible to abuse and reduce the overall security posture of the organization. Through a security assessment, Microsoft Defender for Identity detects network activities that are using legacy protocols either as a misconfiguration or as a deliberate security downgrade."
AATP_PathRisk,Reduce lateral movement path risk to sensitive entities,"Lateral movement paths are ways in which an attacker can gain access to, often highly sensitive, account credentials by compromising non-sensitive accounts. Discovering and reducing lateral movement paths by removing unnecessary permissions and group memberships, improves your overall environment security posture, and reduces the potential risk of compromised sensitive entities."
AATP_PrintSpooler,Disable Print spooler service on domain controllers,"Print spooler is a software service that manages printing processes. While seemingly harmless, any authenticated user can test the connection and expose the domain controller computer account credential. Disabling the &quot;Print Spooler&quot; service on your domain controllers reduces the attack surface available for attackers to gain sensitive credentials needed for lateral movement."
AATP_PwdLAPS,Protect and manage local admin passwords with Microsoft LAPS,"Local Administrator Password Solution (LAPS) provides management of local account passwords for domain joined computers. LAPS passwords are stored in your Active Directory (AD) and are protected by ACL, so only eligible users can read&nbsp;or request a reset. Microsoft recommends installing LAPS in your environment."
AATP_Sensor,Install Defender for Identity Sensor on all Domain Controllers,Installing Microsoft Defender for Identity sensors on all your domain controllers provides you with the ability to detect advanced threats in your entire Active Directory environment. Actionable security alerts are generated through the analysis of network traffic and security events.
AATP_SIDHistory,Remove unsecure SID history attributes from entities,"SID History is an attribute that supports migration scenarios. Every user account has an associated Security Identifier (SID) that is used to track its security principal and the access the account has when connecting to resources. SID History can also be used to grant elevated user privileges (such as Domain admin) and is considered unsecure, and should therefore be removed."
AATP_UnsecureAccount,Resolve unsecure account attributes,"Every account in Active Directory has multiple attributes representing its security configurations. When misconfigured, these attributes can make these account more susceptible to cyber attacks.  Setting these attributes in accordance to security best practices can greatly increase the security posture of your accounts."
AATP_UnsecureDomain,Resolve unsecure domain configurations,Active directory domains hold many security-related configurations.  When misconfigured these attributes can make organizations more susceptible to cyber-attacks.  Setting these configurations in accordance with security best practices can decrease the likelihood of identity compromise.
AATP_Vpn,Configure VPN integration,"Simplify your attack investigation process with the inclusion of Microsoft Defender for Identity user account information, especially when paired with additional information provided by Defender for Identity about user activities and the latest alerts about abnormal VPN connections. The Microsoft Defender for Identity VPN integration cloud solutions collect account information from your VPN solutions and populate user profile pages with your user's VPN connections, such as IP addresses and locations where connections originated."
AATP_WeakCipher,Stop weak cipher usage,"Weak ciphers need to be disabled because they are susceptible to cracking and reduce the overall security posture of the organization. With this security assessment, Microsoft Defender for Identity detects network activities that are using weak ciphers as a misconfiguration or as a deliberate security downgrade."
AdminMFAV2,Require MFA for administrative roles,"<p>Requiring multifactor authentication (MFA) for administrative roles makes it harder for attackers to access accounts. Administrative roles have higher permissions than typical users. If any of those accounts are compromised, your entire organization is exposed. At a minimum, protect the following roles:&nbsp; </p><ul><li>Global administrator&nbsp; </li><li>Authentication administrator&nbsp; </li><li>Billing administrator&nbsp; </li><li>Conditional Access administrator&nbsp; </li><li>Exchange administrator&nbsp; </li><li>Helpdesk administrator&nbsp; </li><li>Security administrator&nbsp; </li><li>SharePoint administrator&nbsp; </li><li>User administrator&nbsp; </li> </ul>"
AppG_unusual_activity_with_priority_account,    Regulate apps with priority account consent    ,Apps that have been given consent by a priority account might have access to critical resources. Tracking these apps can help protect sensitive data and identify misuse or compromise of critical accounts.
BlockLegacyAuthentication,Enable policy to block legacy authentication,"Today, most compromising sign-in attempts come from legacy authentication. Older office clients such as Office 2010 don’t support modern authentication and use legacy protocols such as IMAP, SMTP, and POP3. Legacy authentication does not support multifactor authentication (MFA). Even if an MFA policy is configured in your environment, bad actors can bypass these enforcements through legacy protocols."
CustomerLockBoxEnabled,Turn on customer lockbox feature,Turning on the customer lockbox feature requires that approval is obtained for datacenter operations that grants a Microsoft employee direct access to your content. Access may be needed by Microsoft support engineers if an issue arises. There's an expiration time on the request and content access is removed after the support engineer has fixed the issue.
dlp_datalossprevention,Create Data Loss Prevention (DLP) policies,"Data Loss Prevention (DLP) policies allows content in multiple locations, such as, devices, Exchange online and Teams chats to be scanned for specific types of data like social security numbers, credit card numbers, or passwords."
exo_individualsharing,Do not allow Exchange Online calendar details to be shared with external users,Users should not be allowed to share the full details of their calendars with external users.
IntegratedApps,Do not allow users to grant consent to unmanaged applications,"To reduce the risk of malicious applications attempting to trick users into granting them access to your organization's data, we recommend that you allow user consent only for applications that have been published by a verified publisher."
McasCloudAppNotification,Create an app discovery policy to identify new and trending cloud apps in your org ,"App discovery policies can notify you when new apps or abnormal usage is observed within your organization, based on traffic logs data."
McasCutomActivityPolicy,Create a custom activity policy to get alerts about suspicious usage patterns,"Activity policies help you monitor specific activities carried out by users, or follow unexpectedly high rates of certain types of activities. After you set an activity detection policy, it starts to generate alerts. Alerts are only generated on activities that occur after you create the policy."
McasFirewallLogUpload,Deploy a log collector to discover shadow IT activity,"Log collectors provide visibility into cloud app usage so you can identify if there are any apps that run without official approval, or if there is anomalous behavior. Log collectors automatically upload reports and parse the firewall/ proxy traffic logs to see if there is a match with your services in the Cloud App Catalog."
McasOAuthAppNotification,Create an OAuth app policy to notify you about new OAuth applications,"OAuth app policies can help you manage app permission and notify you when a user or an admin consents to a new Open Authorization (OAuth) app. With this information, you can investigate which permissions each app requested and which users authorized them."
MDA_SF_disableProtocolSecurity,Remote Site,TODO_MDA
MDA_SF_enableAdminLoginAsAnyUser,Disable Administrators Can Log In As Any User,"Allowing admins to log in as any user in the org without first asking them to grant access, is a risky configuration that can lead sensitive data leakage."
MDA_SF_enableCacheAndAutocomplete,Disable Caching and Autocomplete on Login Page via Session settings,Enable caching and autocomplete on login page to allow a users browser to store usernames.
MDA_SF_enableClickjackNonsetupSFDC,Enable clickjack protection for non-Setup for Salesforce pages,Configure clickjack protection settings for your Salesforce UI (Clickjacking is also called user interface redress attack).
MDA_SF_enableClickjackNonsetupUser,Enable clickjack protection for customer VisualForce pages with standard headers,"Configure clickjack protection settings for your Salesforce UI (Clickjacking is also called user interface redress attack). Configure this setting to protect against clickjack attacks on Visualforce pages with headers enabled. To allow iframes on trusted external domains, add these domains under to the Trusted Domains for Inline Frames list for your sites."
MDA_SF_enableClickjackNonsetupUserHeaderless,Enable clickjack protection for customer VisualForce pages with headers disabled,Configure clickjack protection settings for your Salesforce UI (Clickjacking is also called user interface redress attack). Configure this setting to protect against clickjack attacks on Visualforce pages with headers disabled (the showHeader=&quot;false&quot; has been added to the page).
MDA_SF_enableClickjackSetup,Enable clickjack protection for Setup pages,Configure clickjack protection settings for your Salesforce UI (Clickjacking is also called user interface redress attack).
MDA_SF_enableContentSniffingProtection,Enable Content Sniffing protection,"Select <b>Enable Content Sniffing protection</b> to prevent the browser from inferring the MIME type from the document content. This setting also prevents the browser from executing malicious files (JavaScript, Stylesheet) as dynamic content."
MDA_SF_enableCSPOnEmail,Enable Content Security Policy protection for email templates,"Select <b>Enable Stricter Content Security Policy</b> to prohibit the use of the <b>unsafe-inline</b> source for the <b>script-src</b> directive. The Lightning Component framework uses Content Security Policy (CSP), the W3C standard to control the source of content that can be loaded on a page. This setting mitigates the risk of cross-site scripting attacks."
MDA_SF_enableCSRFOnGet,Enable CSRF protection on GET requests on non-setup pages,"Salesforce can protect against Cross Site Request Forgery (CSRF) attacks. Your non-setup pages include a random string of characters in the URL parameters or as a hidden form field. With every GET and POST request, the application checks the validity of this string of characters. The application doesn’t execute the command unless the value found matches the expected value."
MDA_SF_enableCSRFOnPost,Enable CSRF protection on POST requests on non-setup pages,"Salesforce can protect against Cross Site Request Forgery (CSRF) attacks. Your non-setup pages include a random string of characters in the URL parameters or as a hidden form field. With every GET and POST request, the application checks the validity of this string of characters. The application doesn’t execute the command unless the value found matches the expected value."
MDA_SF_enableMultipleSamlConfigs,Require identity verification during multi-factor authentication (MFA) registration,"Multi-factor authentication (MFA) helps protect devices and data that are accessible to these users. Adding more authentication methods, such as the Microsoft Authenticator app or a phone number, increases the level of protection if one factor is compromised."
MDA_SF_enableSMSIdentity,Let users verify their identity by text (SMS),"With device activation, Salesforce challenges users to verify their identity when they log in from an unrecognized browser or device or an IP address outside of a trusted range. By adding extra verification to unfamiliar login attempts, device activation keeps your orgs and Experience Cloud sites secure."
MDA_SF_enableXssProtection,Enable XSS protection,Select <b>Enable XSS protection</b> to protect against cross-site scripting attacks.
MDA_SF_enforceIpRangesEveryRequest,Enforce login IP ranges on every request,"Select <b>Enforce login IP ranges on every request</b> to restrict the IP addresses that users can gain access from to only the IP addresses define in Login IP Ranges.<br>- Select Enforce login IP ranges on every request to restrict the IP addresses that users can gain access from to only the IP addresses define in Login IP Ranges.<br>- If you don’t enable this setting, login IP ranges are enforced only when a user logs in. This setting affects all user profiles that have login IP restrictions.<br>Define the IP ranges under Login IP Ranges. This field isn’t available in Enterprise, Unlimited, Performance, and Developer editions. In those editions, you can specify a valid Login IP Range in the user profile settings."
MDA_SF_forceLogoutOnSessionTimeout,Force logout on session timeout,Select <b>Force logout on session timeout</b> to invalidate timed-out sessions for inactive users.
MDA_SF_forceRelogin,Force (admin) relogin after Login-As-User,Select <b>Force relogin after Login-As-User</b> to require an admin who is logged in as another user to log in again after logging out as the other user. This setting is enabled by default.
MDA_SF_identityConfirmationOnEmailChange,Require identity verification for change of email address,"Requires users to log in again and confirm their identity before their email address change takes effect. Users verify their identity using a registered verification method, such as Salesforce Authenticator, SMS, or email."
MDA_SF_lockSessionsToDomain,Lock sessions to the domain in which they were first used,"Determines whether user sessions are locked to the IP address from which the user logged in, helping to prevent unauthorized persons from hijacking a valid session. This setting is enabled by default for Salesforce orgs created with the Spring ’15 release or later."
MDA_SF_maxLoginAttempts,Maximum invalid login attempts,The number of login failures allowed for a user before the user is locked out (This setting isn’t available for Self-Service portals).<br>These events count toward the number of times users can try to log in with an invalid password before getting locked out.<br>The compliant number is 3.
MDA_SF_minimumPasswordLifetime,Require a minimum 1 day password lifetime,"A password can’t be changed more than once in a 24-hour period. This policy applies to all password changes, including password resets by Salesforce admins."
MDA_SF_password_complexity,Password complexity requirement,Your users' password have to be complexed enough. One of the requirements are the types of characters that must be used in a user’s password.
MDA_SF_password_expiration,User passwords expire in 90 days or less,The length of time until a user password expires and must be changed. Note: enabling the Password never expires policy overrides the User passwords expire policy.
MDA_SF_password_historyRestriction,Enforce password history,"Save users’ previous passwords so that they must use a new, unique password when changing passwords. Password history is not saved until you set the Enforce password history value. The default is 3 passwords remembered. You cannot select <b>No passwords remembered</b> unless you select <b>Never expires</b> for the <b>User passwords expire in</b> field."
MDA_SF_password_lockoutInterval,Lockout effective period,Duration of the login lockout should be defined in order to minimize account breach.
MDA_SF_password_minimumPasswordLength,Minimum password length,"The minimum number of characters required for a password. When you set this value, existing users aren’t affected until the next time they change their passwords."
MDA_SF_password_obscureSecretAnswer,Obscure secret answer for password resets,Hide answers to security questions as the user types. The default is to show the answer in plain text.
MDA_SF_password_questionRestriction,Password question requirement,Restricts the answer from containing the user's password.
MDA_SF_password_sessionTimeout,Session timeout,"Select the length of time after which the system logs out inactive users. For portal users, even though the actual timeout is between 10 minutes and 24 hours, you can only select a value between 15 minutes and 24 hours. Choose a shorter timeout period if you want to enforce stricter security for sensitive information."
MDA_SF_requireHttpOnly,Require HttpOnly attribute,"By default, Salesforce requires HTTPS connections and automatically upgrades HTTP requests to HTTPS via the HSTS header. HTTPS is also required for connections to third-party domains. Select Require HttpOnly attribute to restrict session ID cookie access. A cookie with the HttpOnly attribute isn’t accessible through non-HTTP methods, such as calls from JavaScript."
MDA_SNOW_authenticateMultifactor,Enable multi-factor authentication,Use the glide.authenticate.multifactor property to enable Multi-Factor Authentication (MFA) in the instance. MFA is a security requirement that requires a user to enter more than one set of credentials to authenticate to an instance.
MDA_SNOW_authRequiredJson2,Enable enforcing JSONv2 requests with basic authorization,"This configuration enforces a combination of authentication methods, in the form of basic authentication and system level access control for JSONv2 requests. Without appropriate authorization configured on the data source JSON requests, an unauthorized user can access sensitive content/data on the target instance."
MDA_SNOW_authRequiredSOAP,Enable enforcing SOAP requests with basic authorization,"This configuration enforces a combination of authentication methods, in the form of basic authentication and system level access control for SOAP requests. Without appropriate authorization configured on the data source SOAP requests, an unauthorized user can access sensitive content/data on the target instance."
MDA_SNOW_authRequiredUnl,Enable unload request authorization,"Use the glide.basicauth.required.unl (useUnloadFormat) property to designate if incoming unload requests should require basic authentication. Without appropriate authorization configured on the datasource unload requests, an unauthorized user can get access to sensitive content/data on the target instance."
MDA_SNOW_cauthRequiredScriptedProcessor,Enable script request authorization,"Use the glide.basicauth.required.scriptedprocessor property to designate if incoming script requests should require basic authentication. Without appropriate authorization configured on the incoming script requests, an unauthorized user can access sensitive content/data on the target instance."
MDA_SNOW_concourseOnmessageEnforceSameOrigin,Enable URL allow list for cross-origin iframe communication,"<p>Use the 'glide.ui.concourse.onmessage_enforce_same_origin' property to enable cross-origin communication between <code>iframes</code>. <code>Openframe</code> can only process messages from trusted domains that are specified in the 'glide.ui.concourse.onmessage_enforce_same_origin_whitelist' property. &nbsp;If a web page contains event handlers that do not perform proper origin validation, a web page, or script from any origin, can communicate with it. It can also initiate any functionality performed by the event handler. To learn more, see <a href=""https://docs.servicenow.com/bundle/rome-platform-administration/page/administer/security/reference/specify-url-whitelist-for-cross-origin-iframe-communication.html"" title=""Use the glide.ui.concourse.onmessage_enforce_same_origin_whitelist property to enable cross-origin communication between iframes from trusted domains you specify in an inclusion list."">Specify UTL allow list for cross-origin iframe communication</a>.&nbsp; </p>"
MDA_SNOW_enablePasswordPolicy,Enable Password Reset Policy Checks,"Use the glide.enable.password_policy property to enable password policy checks whenever a user changes their password using the user interface. Without a password policy, a user can create a weak password which increases the likelihood of an adversary gaining access to the instance."
MDA_SNOW_explicitRoles,Activate the Explicit Role plugin,Activate the Explicit Role (com.glide.explicit_roles) plugin to prevent external users from accessing internal data. Enterprise users (employees) must have the internal role while non-enterprise users (non-employees) must have the external role.
MDA_SNOW_highSecurity,Enable high security plugin,"When you activate the High Security plugin, it creates or updates hundreds of different configurations to control the level of security on your instance. These configurations mitigate many of the top OWASP attacks by enabling strict access control, input validation, and output encoding."
MDA_SNOW_httpCacheControl,Set default cache-control HTTP header value to private,"The glide.http.cache_control property sets the default Cache-Control value in HTTP response headers to private or public. Private setting means that static content can be cached at the browser (client) level, but not at the proxy server level. Public setting means that static content can be cached at the browser (client) level, and also at the proxy server level. If you set this property to public, instances with CDN/proxies may cache static content and render without authentication."
MDA_SNOW_loginNoBlankPassword,Disable password-less authentication,"Use the glide.login.no_blank_password property to prevent users from logging in to the Now Platform with blank passwords, or by leaving the Password field empty. Even if the admin purposefully assigns an empty value or blank password in user records, a user can't log in without providing a value in the Password field."
MDA_SNOW_roleManagement,Enable Contextual Security: Role Management plugin,"Activate the Contextual Security: Role Management (com.glide.role_management) plugin to enable contextual security (access level enforcement by system table hierarachy), which secures a record/information using create, read, write, and delete functionality."
MDA_SNOW_scriptCcsiIsPublic,Set client-callable script includes to private,"By default, client-callable script includes that do not explicitly set visibility, are public. If the client script provides confidential information, it could have an adverse potential security risk."
MDA_SNOW_scriptSecureAjaxgliderecord,Apply access control rule (ACL) validation when server-side records are accessed using GlideAjax APIs within a client script,"From client scripts, it is possible to query arbitrary data from the server using the AJAXGlideRecord (GlideAjax - Client) API, by using a syntax such as a server-side glide record. It is a powerful and useful tool in many deployments. If you choose to apply access control rule (ACL) validation to GlideAjax API calls, a user can only query data to which he/she is accessible. For example, if an ESS user who has no rights to read the cmn_location table is logged in, any GlideAjax API call to that table would fail."
MDA_SNOW_scriptUseSandbox,Enable client generated scripts sandbox,"The Now Platform provides wide variety of features and functionality through JavaScript queries. However, without appropriate authorization and validation, there is a potential for an attacker to perform unauthorized operations against the platform. This remediation enforces validation for the client-side JavaScript queries that are launched against the Now Platform."
MDA_SNOW_smDefaultMode,Enable default deny with new ACL rules,"During an initial instance installation, new wildcard ACL rules come into existence. To provide role-based access to system tables, these rules control a significant number of ACLs and most common record-based operations, such as: read, write, create, delete. Many of these new wildcards ACLs are not protected untill you configure them. Use a default deny security model to prevents non-administrator users from accessing objects unless they meet a matching ACL rule. Using this model, many attack vectors are being removed, such as insecure scripts."
MDA_SNOW_sncUserLockoutCheck,Enable managing failed login attempts,Limit the number of times a user can provide an incorrect password before being locked out from the Now Platform.
MDA_SNOW_soapRequireContentTypeXml,Enable SOAP content type checking,"Use the glide.soap.require_content_type_xml property to enable validation of a content type as text/xml and protect against invalid SOAP requests. When set to true, the Now Platform validates the content type as text/xml and protects against invalid SOAP requests. If set to false, any content-type value is allowed."
MDA_SNOW_soapStrictSecurity,Enable SOAP request strict security,Use the glide.soap.strict_security property to enforces web service security. This property uses a combination of: Basic authentication challenge/response over the HTTP protocol and a system level access controls.
MDA_SNOW_systemSecurity,Activate security jump start (ACL rules) plugin,"Activate the Security Jump Start (ACL Rules) (com.snc.system_security) plugin to create several important ACLs that validate the Access Controls on some of the key system tables within the Now Platform. These rules provide a jump-start on securing many system tables, making it easier for an organization to get an instance into production. The Security Jump Start (ACL Rules) plugin is installed automatically on all new instances."
MDA_SNOW_uiSessionTimeout,Enable session activity timeout,"Use the glide.ui.session_timeout property to designate, in minutes, activity timeout value. User sessions being active for indefinite amount of time is a security risk and should expire on a time-based configuration."
MDA_SNOW_useCsrfToken,Enable anti-CSRF token,"Use the glide.security.use_csrf_token property to ensure the use of a secure token to identify and validates incoming requests, which in turn are used to prevent these attacks. Cross-Site Request Forgery (CSRF) is an attack that forces an end user to execute unwanted actions on a web application in which they're currently authenticated. CSRF attacks specifically target state-changing requests, not theft of data, since the attacker has no way to see the response to the forged request."
MDA_SNOW_userCookieMaxLifeSpanInDays,Enable absolute session timeout,"Use the glide.ui.user_cookie.max_life_span_in_days property to set a maximum cap for a valid user session to expire before forcing a user to reauthenticate into the instance. The default value is 30 days, and the maximum cap is at 365 days. It is recommended to have a timeout below 180 days."
mdo_allowedsender,Ensure that there are no sender domains allowed for Anti-spam policies,"Never add your own accepted domains or common domains to the allowed domains list for Anti-spam. If these domains are allowed to bypass spam filtering, attackers will be able to easily send emails into your organization."
mdo_allowedsenderscombined,Ensure that no sender domains are allowed for anti-spam policies,"Never add your own accepted domains or common domains (for example, microsoft.com or office.com) to the allowed domains list. If these domains are allowed to bypass spam filtering, attackers can easily send messages that spoof these trusted domains to your organization. In addition, avoid adding specific senders that can bypass spam filtering."
mdo_autoforwardingmode,Set automatic email forwarding rules to be system controlled,"Email forwarding may lead to data leakage. For example, if we have a compromised account, the attacker might create a forwarding rule for a particular mailbox, and the user might be unaware that their mail is being forwarded. This is a common tactic used when accounts are compromised.   It is therefore important for administrators to prevent and regulate automatic forwarding of emails outside the organization."
mdo_bulkspamaction,Set action to take on bulk spam detection,Set the action that will be taken on bulk spam detection.
mdo_bulkthreshold,Set the email bulk complaint level (BCL) threshold to be 6 or lower,"Specifies the bulk complaint level (BCL) of a message that triggers the specified action for the bulk spam filtering verdict that you configure on the next page. A higher value indicates that the message is less desirable (more likely to resemble spam). While the default value is 7, 6 or lower is the recommended value."
mdo_commonattachmentsfilter,Turn on the common attachments filter setting for anti-malware policies,"There are certain types of files that are risker to send and receive via email due to the likelihood that they contain malware (for example, executable files). To make sure these file types don't get through, enable the common attachment filter. You can use the default list of file types or customize it. The default file types are: .ace, .ani, .app, .docm, .exe, .jar, .reg, .scr, .vbe, .vbs. Messages with the specified attachments types are treated as malware and are automatically quarantined."
mdo_connectionfilter,Don't add allowed IP addresses in the connection filter policy ,"<p>If you're a Microsoft 365 customer with mailboxes in Exchange Online or a standalone Exchange Online Protection (EOP) customer without Exchange Online mailboxes, EOP offers multiple ways of ensuring that users will receive email from trusted senders. These options include Exchange mail flow rules (also known as transport rules), Outlook Safe Senders, the IP Allow List (connection filtering), and allowed sender lists or allowed domain lists in anti-spam policies. Collectively, you can think of these options as safe sender lists. <br> <br> The available safe sender lists are described in the following list in order from most recommended to least recommended: <br> 1. Mail flow rules <br> 2. Outlook Safe Senders <br> 3. IP Allow List (connection filtering) <br> 4. Allowed sender lists or allowed domain lists (anti-spam policies) </p> <p>Without additional verification like mail flow rules, email from sources in the IP Allow List skips spam filtering and sender authentication (SPF, DKIM, DMARC) checks. Since the IP Allow List doesn't prevent malware or high confidence phishing messages from being filtered, this creates a high risk of attackers successfully delivering email to an inbox that would otherwise be filtered. </p>"
mdo_highconfidencephishaction,Set action to take on high confidence phishing detection,Set the action that will be taken on high confidence phishing detection.
mdo_highconfidencespamaction,Set action to take on high confidence spam detection,Set the action that will be taken on high confidence spam detection.
mdo_inlinesafetytips,Ensure spam safety tips are enabled,Spam safety tips are color-coded banners in Outlook that warn recipients about potentially harmful messages.
mdo_phisspamacation,Set action to take on phishing detection,Set the action that will be taken on phishing detection.
mdo_quarantineretentionperiod,Retain spam in quarantine for 30 days,"Specifies how long to keep the message in quarantine if you selected “Quarantine message” as the action for a spam filtering verdict. After the time period expires, the message is deleted, and is not recoverable."
mdo_recipientexternallimitperhour,Set maximum number of external recipients that a user can email per hour,"Configure the maximum number of external recipients that a user can email per hour. After an account is compromised, attackers commonly use the account to generate spam and phish. Configuring <a href=""https://docs.microsoft.com/en-us/microsoft-365/security/office-365-security/recommended-settings-for-eop-and-office365?view=o365-worldwide#eop-outbound-spam-policy-settings"">recommended values</a> can reduce the amount of spam and phishing emails, while also allowing you to be notified when these thresholds have been reached."
mdo_recipientinternallimitperhour,Set maximum number of internal recipients that a user can send to within an hour,"Configure the maximum number of recipients that a user can send to per hour for internal recipients. After an account is compromised, attackers commonly use the account to generate spam and phish. Configuring <a href=""https://docs.microsoft.com/en-us/microsoft-365/security/office-365-security/recommended-settings-for-eop-and-office365?view=o365-worldwide#eop-outbound-spam-policy-settings"">recommended values</a> can reduce the amount of spam and phishing emails, while also allowing you to be notified when these thresholds have been reached."
mdo_recipientlimitperday,Set a daily message limit,"Configure the maximum number of recipients that a user can send to within a day. After an account is compromised, attackers commonly use the account to generate spam and phish. Configuring <a href=""https://docs.microsoft.com/en-us/microsoft-365/security/office-365-security/recommended-settings-for-eop-and-office365?view=o365-worldwide#eop-outbound-spam-policy-settings"">recommended values</a> can reduce the amount of spam and phishing emails, while also allowing you to be notified when these thresholds have been reached."
mdo_safeattachments,Turn on Safe Attachments in block mode,"Safe Attachments in block mode prevents messages with detected malware attachments from being delivered. These messages are quarantined and only admins (not regular users) can review, release, or delete them. This will also automatically block future malware attachments."
mdo_safedocuments,Turn on Safe Documents for Office Clients,"Safe Documents uses Microsoft Defender for Endpoint to scan documents and files for malicious content. To keep you protected, Safe Documents sends files to the Defender for Endpoint cloud for analysis. Files sent by Safe Documents are not retained in Defender for Endpoint beyond the time needed for analysis (typically, less than 24 hours)."
mdo_safelinksforemail,Create Safe Links policies for email messages,"Safe Links protection for links in email messages is controlled by Safe Links policies. There is no default Safe Links policy, so to get the protection of Safe Links in email messages, you need to create one or more Safe Links policies."
mdo_spamaction,Set action to take on spam detection,Set the action that will be taken on spam detection.
mdo_thresholdreachedaction,Block users who reached the message limit,"Configure action to take when any of the limits specified in the outbound anti-spam policy are reached. It is common, after an account compromise incident, for an attacker to use the account to generate spam and phish. Configuring the <a href=""https://docs.microsoft.com/en-us/microsoft-365/security/office-365-security/recommended-settings-for-eop-and-office365?view=o365-worldwide#eop-outbound-spam-policy-settings"">recommended values</a> can reduce the impact."
mdo_zapmalware,Create zero-hour auto purge policies for malware,"<p>Zero-hour auto purge (ZAP) quarantines the message that contains malware attachment for both&nbsp;<strong>read, as well as unread, messages</strong>&nbsp;that are found to contain malware after delivery. Only admins can view and manage messages that have been quarantined. </p>"
mdo_zapphish,Create zero-hour auto purge policies for phishing messages,"<p>For&nbsp;<strong>read or unread messages</strong>&nbsp;that are identified as phishing after delivery, the ZAP outcome depends on the action that's configured for a Phishing email filtering verdict in the applicable anti-phishing policy. </p>"
mdo_zapspam,Create zero-hour auto purge policies for spam messages,"<p>For&nbsp;<strong>unread messages</strong>&nbsp;that are identified as spam after delivery, the ZAP outcome depends on the action that's configured for the Spam filtering verdict in the applicable anti-spam policy. </p>"
meeting_anonymousstartmeeting_v1,Restrict anonymous users from starting Teams meetings,"If anonymous users are allowed to start meetings, they can admit any users from the lobbies, authenticated or otherwise. Anonymous users haven’t been authenticated, which can increase the risk of data leakage."
meeting_autoadmitusers_v1,Only invited users should be automatically admitted to Teams meetings,"Users who aren’t invited to a meeting shouldn’t be let in automatically, because it increases the risk of data leaks, inappropriate content being shared, or malicious actors joining. If only invited users are automatically admitted, then users who weren’t invited will be sent to a meeting lobby. The host can then decide whether or not to let them in."
meeting_designatedpresenter_v1,Configure which users are allowed to present in Teams meetings,Only allow users with presenter rights to share content during meetings. Restricting who can present limits meeting disruptions and reduces the risk of unwanted or inappropriate content being shared.
meeting_externalrequestcontrol_v1,Limit external participants from having control in a Teams meeting,"External participants are users that are outside your organization. Limiting their permission to share content, add new users, and more protects your organization’s information from data leaks, inappropriate content being shared, or malicious actors joining the meeting."
meeting_pstnusersbypasslobby_v1,Restrict dial-in users from bypassing a meeting lobby ,Dial-in users aren’t authenticated though the Teams app. Increase the security of your meetings by preventing these unknown users from bypassing the lobby and immediately joining the meeting.
meeting_restrictanonymousjoin_v1,Restrict anonymous users from joining meetings,"By restricting anonymous users from joining Microsoft Teams meetings, you have full control over meeting access. Anonymous users may not be from your organization and could have joined for malicious purposes, such as gaining information about your organization through conversations."
MFARegistrationV2,Ensure all users can complete multi-factor authentication for secure access,"Multifactor authentication (MFA) helps protect devices and data that are accessible to these users. Adding more authentication methods, such as the Microsoft Authenticator app or a phone number, increases the level of protection if one factor is compromised."
mip_autosensitivitylabelspolicies,Ensure that Auto-labeling data classification policies are set up and used,Create auto-labeling policies to automatically apply sensitivity labels to email messages or OneDrive and SharePoint files that contain sensitive info.
mip_purviewlabelconsent,Extend M365 sensitivity labeling to assets in Microsoft Purview data map,"To get work done, people in your organization collaborate with others both inside and outside the organization. Data doesn't always stay in your cloud, and often roams everywhere—across  devices, apps, and services. When your data roams, you still want it to be secure in a way that meets your organization's business and compliance policies."
mip_sensitivitylabelspolicies,Publish M365 sensitivity label data classification policies,"Set up and use data classification policies on data stored in your users' Office apps (like Outlook and Word), SharePoint sites, and Office 365 groups."
OneAdmin,Designate more than one global admin,Having more than one global administrator helps if you are unable to fulfill the needs or obligations of your organization. It's important to have a delegate or an emergency account someone from your team can access if necessary. It also allows admins the ability to monitor each other for signs of a breach.
oxoid_1000,Information Bar,"This policy controls whether the Information bar is displayed for Internet Explorer processes when file or code installs are restricted. By default, this policy is enabled and the Information bar is displayed for Internet Explorer processes. It is recommended to set to TRUE for all Office applications."
oxoid_1001,Restrict File Download,"Certain websites can initiate file download prompts and allow download of unauthorized files if users click the wrong button and accepts the download.<br><br>This policy controls whether Office apps hosting the WebView control can automatically prompt for file downloads that are not user initiated.<br><br>By default, this policy is enabled preventing automatic prompt for file downloads.<br><br>It is recommended to set to <b>TRUE</b> for all Office applications."
oxoid_1002,Mime Sniffing Safety Feature,"MIME sniffing examines the content of a MIME file to determine its type, whether it is a data file, an executable file, or other. This policy determines whether Internet Explorer MIME sniffing will prevent promotion of a file of one type to a more dangerous file type, for example; promoting a text file to an executable file type. MIME file-type spoofing is a potential threat to an organization, and ensuring these files are consistently handled helps prevent malicious file downloads. By default, MIME sniffing is enabled for all Office applications.  It is recommended to set to TRUE for all Office applications."
oxoid_1003,Navigate URL,"Malformed URLs can be used in phishing attacks where attackers can send what looks like a link to a legitimate website, with a malicious address hidden in the prefix of the link, if a user clicks on this link in an Office document they can be sent to a malicious website. This policy protects users from these attacks by not loading malformed URLs. By default, Internet Explorer does not attempt to load malformed URLs, and this policy reinforces that behavior. It is recommended to set to TRUE for all Office applications."
oxoid_1004,Consistent Mime Handling,"Internet Explorer uses Multipurpose Internet Mail Extensions (MIME) data to determine file handling procedures for files received through a Web server. For example, if the MIME type of a file is text/plain but the MIME sniff indicates that the file is really an executable file, Internet Explorer renames the file by saving it in the Internet Explorer cache and changing its extension. MIME file-type spoofing is a potential threat to an organization, and ensuring these files are consistently handled helps prevent malicious file downloads. This policy requires that all file-type information provided by Web servers be consistent. By default, this policy is enabled and provides consistent Mime Handling for all Office applications.  It is recommended to set to TRUE for all Office applications."
oxoid_1005,Object Caching Protection,"Most legitimate references to cached objects are performed from the same Web site that uploaded the object. This policy prevents files and applications from using objects in the cache that were obtained from other domains. Cached objects can be used in cross-domain attacks. By default, this setting is enabled for Internet Explorer processes within Office. We recommend enforcing this behavior by enabling and setting to TRUE for all Office applications."
oxoid_1006,Protection From Zone Elevation,"Internet Explorer places restrictions on each web page users can use the browser to open. Web pages from the Internet zone can navigate to pages in the Local Machine zone and run code to elevate privileges, this could allow malicious code or users to become active on user computers or the network. This policy prevents pages in one zone from navigating to pages in a higher security zone unless the navigation is generated by the user.  By default, this policy is enabled. We recommend enabling this policy and set to TRUE for all Office applications."
oxoid_1007,Saved from URL,"When Internet Explorer loads a web page from a UNC share that contains a Mark of the Web (MOTW) comment that indicates the page was saved from the Internet, Internet Explorer runs the page in the Internet security zone instead of the less restrictive Local Intranet security zone. Enabling this policy, ensures files with MOTW saved from the Internet, are loaded into the security context specified in the Internet Explorer security settings. By default, the files will open in Internet security zone. We recommend enabling this policy and set to TRUE for all Office applications."
oxoid_1008,Local Machine Zone Lockdown Security,"Internet Explorer applies security restrictions on content loaded from the user's local machine, which helps prevent malicious behavior involving local files containing active content; Scripts, Microsoft ActiveX controls, and binary behaviors are not allowed to run, object safety settings cannot be overridden, and cross-domain data actions require confirmation from the user. By default, this policy is enabled. We recommend enabling this policy and set to TRUE for all Office applications."
oxoid_1009,Don't allow Dynamic Data Exchange (DDE) server launch in Excel,"This policy setting allows you to control whether Dynamic Data Exchange (DDE) server launch is allowed. By default, DDE server launch is turned off, but users can turn on DDE server launch by going to File &gt; Options &gt; Trust Center &gt; Trust Center Settings &gt; External Content. For security reasons, turning on DDE server launch is not recommended. Note: For DDE server launch to work, Dynamic Data Exchange (DDE) server lookup must be turned on. Be sure that the &quot;Don't allow Dynamic Data Exchange (DDE) server lookup&quot; policy setting isn't enabled, because enabling that policy setting turns off DDE server lookup. If you enable this policy setting, DDE server launch isn't allowed, and users can't turn on DDE server launch in the Trust Center. If you disable this policy setting, DDE server launch is allowed, and users cannot turn off DDE server launch in the Trust Center. For security reasons, this is not recommended. If you don't configure this policy setting, DDE server launch is turned off, but users can turn on DDE server launch in the Trust Center. Note: This policy setting only applies to subscription versions of Office, such as Office 365 ProPlus."
oxoid_1010,Don't allow Dynamic Data Exchange (DDE) server lookup in Excel,"This policy setting allows you to control whether Dynamic Data Exchange (DDE) server lookup is allowed. By default, DDE server lookup is turned on, but users can turn off DDE server lookup by going to File &gt; Options &gt; Trust Center &gt; Trust Center Settings &gt; External Content. If you enable this policy setting, DDE server lookup isn't allowed, and users can't turn on DDE server lookup in the Trust Center. Note: If you're using Dynamic Data Exchange (DDE) server launch, which isn't recommended, don't enable this policy setting, because DDE server launch requires DDE server lookup to be on. If you disable or don't configure this policy setting, DDE server lookup is turned on, but users can turn off DDE server lookup in the Trust Center. Note: This policy setting only applies to subscription versions of Office, such as Office 365 ProPlus."
oxoid_1011,Dynamic Data Exchange,"This policy setting controls the ability to use Dynamic Data Exchange (DDE) in Word. By default, DDE isn't allowed in Word. Allowing DDE isn't recommended because of security concerns. If you enable this policy setting, you can select either of the following options: - Limit Dynamic Data Exchange - Allow Dynamic Data Exchange If you choose &quot;Limit Dynamic Data Exchange,&quot; DDE requests made to an already running program are allowed. But, DDE requests that require another executable program to be launched aren't allowed. If you disable or don't configure this policy setting, DDE isn't allowed."
PasswordHashSync,Enable Password Hash Sync if hybrid,Password hash synchronization is one of the sign-in methods used to accomplish hybrid identity. Azure AD Connect synchronizes a hash of the hash of a user's password from an on-premises Active Directory instance to a cloud-based Azure Active Directory instance. Password hash synchronization helps by reducing the number of passwords your users need to maintain to just one. Enabling password hash synchronization also allows for leaked credential reporting.
PWAgePolicyNew,Do not expire passwords,"Research has found that when periodic password resets are enforced, passwords become less secure. Users tend to pick a weaker password and vary it slightly for each reset. If a user creates a strong password (long, complex and without any pragmatic words present) it should remain just as strong in the future as it is today. It is Microsoft's official security position to not expire passwords periodically without a specific reason, and recommends that cloud-only tenants set the password policy to never expire."
RoleOverlap,Use limited administrative roles,"Ensure that your administrators can accomplish their work with the least amount of privilege assigned to their account. Assigning users roles like Password Administrator or Exchange Online Administrator, instead of Global Administrator, reduces the likelihood of a global administrative privileged account being breached."
scid-1,Enable 'Protection From Zone Elevation' for Internet Explorer,"Internet Explorer places restrictions on each web page that users can use the browser to open. Web pages on a user's local computer have the fewest security restrictions and reside in the Local Machine zone, making this security zone a prime target for malicious users and code."
scid-10,Enable 'Object Caching Protection',"Determines whether a reference to an object is accessible when the user navigates within the same domain or to a new domain. For Office, this applies to URL accessed within Office applications. By default in Internet Explorer, a reference to an object is no longer accessible when the user browses to a new domain. There is a new security context for all scriptable objects so that access to all cached objects is blocked. Additionally, access is blocked when browsing within the same domain (fully qualified domain name). A reference to an object is no longer accessible after the context has changed due to navigation."
scid-100,Disable JavaScript on Adobe Reader 2015,Determines whether to globally disable and lock JavaScript execution in Adobe Reader 2015
scid-101,Disable JavaScript on Adobe 2015,Determines whether to globally disable and lock JavaScript execution in Adobe Reader
scid-11,Enable 'Consistent Mime Handling',"Internet Explorer uses Multipurpose Internet Mail Extensions (MIME) data to determine file handling procedures for files received through a Web server. This policy setting determines whether Internet Explorer requires that all file-type information provided by Web servers be consistent. For example, if the MIME type of a file is text/plain but the MIME data indicates that the file is really an executable file, Internet Explorer changes its extension to reflect this executable status. This capability helps ensure that executable code cannot masquerade as other types of data that may be trusted."
scid-1111111,REMOVED-This is test scid should never be seen in prod,This is test scid should never be seen in prod
scid-12,Enable 'Add-on Management',Determines whether add-on managmenet is enabled.
scid-13,Enable 'Navigate URL',This setting controls whether Internet Explorer attempts to load malformed URLs that are passed to it from Office applications.
scid-14,Restrict ActiveX Install,Determines whether users can install ActiveX controls.
scid-15,Enable Automatic Updates,Controls whether the Office automatic updates are enabled or disabled for all Office products installed by using Click-to-Run. This policy has no effect on Office products installed via Windows Installer.
scid-16,Enable 'Hide Option to Enable or Disable Updates',Controls whether to hide the user interface (UI) options to enable or disable Office automatic updates from users.
scid-17,Disable 'Allow running plugins that are outdated',Chrome enables the use of outdated plugins. By disabling this feature Chrome will not prompt the user to use an outdated plugin.<br>This security control is applicable for Google Chrome versions lower than 87.0.0.0
scid-18,REMOVED-Disable 'Always run plugins that require authorization',Chrome allows plugins that are not outdated to run automatically. Disabling this setting allows the plugins to run only when permission is granted by the user.
scid-19,Disable 'Continue running background apps when Google Chrome is closed',Chrome allows for processes started while the browser is open to remain running once the browser has been closed. It also allows for background apps and the current browsing session to remain active after the browser has been closed. Disabling this feature will stop all processes and background applications when the browser window is closed.
scid-2,Enable 'Mime Sniffing Safety Feature',"Determines whether Internet Explorer MIME sniffing prevents promotion of a file of one type to a more dangerous file type. For example, it does not allow script to run from a file marked as text."
scid-20,Disable 'AutoFill',"Chrome allows users to auto-complete web forms with saved information such as address, phone number and credit card numbers. Disabling this feature will prompt a user to enter all information manually. <br>This security control is applicable for Google Chrome versions lower than 70.0.0.0"
scid-2000,Turn on Microsoft Defender for Endpoint sensor,"Determines whether the Microsoft Defender for Endpoint sensor embedded in Windows collect and process behavioral signals from the operating system and sends this sensor data to your private, isolated, cloud instance of Microsoft Defender for Endpoint"
scid-2001,Fix Microsoft Defender for Endpoint sensor data collection,The Microsoft Defender for Endpoint service relies on sensor data collection to determine the security state of a machine.
scid-2002,Fix Microsoft Defender for Endpoint impaired communications,This status indicates that there's limited communication between the machine and the Microsoft Defender for Endpoint service.
scid-2003,Turn on Tamper Protection,"Tamper Protection essentially locks Microsoft Defender for Endpoint and prevents your security settings from being changed through apps and methods such as editing registry values, changing settings through PowerShell cmdlets and editing or removing security settings through group policies.<br><br>This security control is only applicable for machines with Windows 10, version 1709 or later."
scid-2004,Enable EDR in block mode,"Enable EDR in block mode to block post breach malicious behavior on the device through behavior blocking and containment capabilities when Windows Defender Anti-Virus is not the Primary Anti-Virus on the device. <a href=""https://docs.microsoft.com/windows/security/threat-protection/microsoft-defender-atp/edr-in-block-mode"" target=_blank> Learn more about EDR block</a>"
scid-2010,Turn on Microsoft Defender Antivirus,Determines whether Microsoft Defender Antivirus is configured to run and scan for malware and other potentially unwanted software.
scid-2011,Update Microsoft Defender Antivirus definitions,This status indicates that Microsoft Defender Antivirus definitions are not up to date.
scid-2012,Turn on real-time protection,This status indicates that Microsoft Defender Antivirus real-time protection is disabled.
scid-2013,Turn on PUA protection in block mode,Enabling Potentially Unwanted Application (PUA) protection in block mode will block and automatically quarantine potentially unwanted applications. PUA protection blocking takes effect on endpoint clients after the next signature update or computer restart.
scid-2014,Fix Windows Defender Antivirus cloud service connectivity,Indicates that a device is failing to communicate with the Windows Defender Antivirus cloud service.
scid-2015,Check Microsoft Defender Antivirus incomplete reporting,Temporary reporting problems can occur on a few machines from time to time.
scid-2016,Enable cloud-delivered protection,"Indicates that Microsoft Defender Antivirus cloud-delivered protection is not enabled. Cloud-delivered protection service provides very important protection against malware on your endpoints and across your network. <a href=""https://docs.microsoft.com//windows/security/threat-protection/windows-defender-antivirus/utilize-microsoft-cloud-protection-windows-defender-antivirus"" target=_blank>Learn more about cloud-delivered protection</a>"
scid-2020,Turn on all system-level Exploit protection settings,"This status indicates that not all system-level Exploit Guard protection settings are enabled.<br><br>This security control is only assessed for machines on Windows 10, version 1709 or later, and Windows Server 2019."
scid-2021,Set controlled folder access to enabled or audit mode,"This status indicated that controlled folder access is disabled. Controlled folder access helps protect files in key system folders from changes made by malicious and suspicious apps, including file-encrypting ransomware malware. Requires Microsoft Defender Antivirus Real-time protection.<br><br>This security control is only assessed for machines on Windows 10, version 1709 or later, and Windows Server 2019."
scid-2022,REMOVED-Turn on Attack Surface Reduction rules,"ASR rules can reduce the attack surface of your applications with intelligent rules that stop the vectors used by Office-, script- and mail-based malware. Requires Microsoft Defender Antivirus Real-time protection.<br><br>This security control is only assessed for machines on Windows 10, version 1709 or later, and Windows Server 2019."
scid-2030,Update Microsoft Defender for Endpoint core components,"Indicates that the Microsoft Defender for Endpoint EDR sensor (Windows Server 2012 R2, 2016) or Microsoft Defender for Endpoint agent (Linux, macOS) installed on the machine is not up to date."
scid-2050,Ensure Microsoft Defender Application Guard hardware and software prerequisites are met,Microsoft Defender Application Guard has specific hardware and software requirements that need to be met in order to properly run on a machine.
scid-2051,Turn on Microsoft Defender Application Guard managed mode,You and your security department can define your corporate boundaries by explicitly adding trusted domains and by customizing the Microsoft Defender Application Guard experience to meet and enforce your needs on employee devices. Enterprise-managed mode also automatically redirects any browser requests to add non-enterprise domain(s) in the container.
scid-2052,Turn on Microsoft Defender Application Guard managed mode,You and your security department can define your corporate boundaries by explicitly adding trusted domains and by customizing the Microsoft Defender Application Guard experience to meet and enforce your needs on employee devices. Enterprise-managed mode also automatically redirects any browser requests to add non-enterprise domain(s) in the container.
scid-2060,Set Microsoft Defender SmartScreen app and file checking to block or warn,"SmartScreen helps protect PCs by warning users before running potentially malicious programs downloaded from the Internet.<br><br>This security control is only assessed for machines on Windows 10, version 1703 or later, and Windows Server 2019."
scid-2061,Set Microsoft Defender SmartScreen Microsoft Edge site and download checking to block or warn,"Microsoft Defender SmartScreen provides warning messages to help protect your employees from potential phishing scams and malicious software.<br><br>This security control is only assessed for machines on Windows 10, version 1703 or later, and Windows Server 2019."
scid-2062,REMOVED-Set Microsoft Defender SmartScreen Windows Store app web content checking to warn,"Microsoft Defender SmartScreen protects your device by checking web content that Microsoft Store apps use.<br><br>This security control is only assessed for machines on Windows 10, version 1703 or later, and Windows Server 2019."
scid-2070,Turn on Microsoft Defender Firewall,"Microsoft Defender Firewall is designed to keep hackers and malicious software from gaining access to your device through a network or the Internet.<br><br>This security control is only assessed for machines on Windows 10, version 1709 or later, and Windows Server 2008 R2, 2012 R2, 2016 and 2019."
scid-2071,Secure Microsoft Defender Firewall domain profile,"Determines whether Microsoft Defender Firewall uses the settings for this profile to filter network traffic for the Domain Network profile.<br><br>This security control is only assessed for machines on Windows 10, version 1709 or later, and Windows Server 2008 R2, 2012 R2, 2016 and 2019."
scid-2072,Secure Microsoft Defender firewall private profile,"Microsoft Defender Firewall is designed to keep hackers and malicious software from gaining access to your device through a network or the Internet. Turn on to have Microsoft Defender Firewall use the settings for the Private Network profile to filter network traffic.<br><br>This security control is only assessed for machines on Windows 10, version 1709 or later, and Windows Server 2008 R2, 2012 R2, 2016 and 2019."
scid-2073,Secure Microsoft Defender Firewall public profile,"Microsoft Defender Firewall is designed to keep hackers and malicious software from gaining access to your device through a network or the Internet.<br><br>This security control is only assessed for machines on Windows 10, version 1709 or later, and Windows Server 2008 R2, 2012 R2, 2016 and 2019."
scid-2074,Verify secure configuration of third-party firewall,"A third-party firewall has been identified. Please verify the secure configuration of the third-party firewall.<br><br>This security control is only assessed for machines with Windows 10, version 1709 or later."
scid-2080,Turn on Microsoft Defender Credential Guard,"Microsoft Defender Credential Guard uses virtualization-based security to isolate secrets so that only privileged system software can access them.<br><br>This security control is only assessed for machines on Windows 10, version 1709 or later, and Windows Server 2019."
scid-2081,Turn on Microsoft Defender Credential Guard,"Microsoft Defender Credential Guard uses virtualization-based security to isolate secrets so that only privileged system software can access them.<br><br>This security control is only assessed for machines with Windows 10, version 1709 or later."
scid-2090,Encrypt all BitLocker-supported drives,"BitLocker Drive Encryption is a data protection feature that integrates with the operating system and addresses the threats of data theft or exposure from lost, stolen, or inappropriately decommissioned computers.<br><br>This security control is only assessed for machines on Windows 10, version 1803 or later, and Windows Server 2019."
scid-2091,Resume BitLocker protection on all drives,"BitLocker Drive Encryption is a data protection feature that integrates with the operating system and addresses the threats of data theft or exposure from lost, stolen, or inappropriately decommissioned computers.<br><br>This security control is only assessed for machines on Windows 10, version 1803 or later, and Windows Server 2019."
scid-2093,Ensure BitLocker drive compatibility,"BitLocker Drive Encryption is a data protection feature that integrates with the operating system and addresses the threats of data theft or exposure from lost, stolen, or inappropriately decommissioned computers.<br><br>This security control is only assessed for machines on Windows 10, version 1803 or later, and Windows Server 2019."
scid-21,Block webpages from automatically running Flash plugins,Allows you to set whether websites are allowed to automatically run Flash plugin. Automatically running the Flash plugin can be either allowed for all websites or denied for all websites. <br>This security control is applicable for Google Chrome versions lower than 87.0.0.0
scid-2100,Enable UEFI Secure Boot mode,"Secure Boot is a UEFI firmware security feature that ensures only immutable and signed software are loaded during the boot time. Secure Boot leverages digital signatures to validate the authenticity, source, and integrity of the code that is loaded."
scid-22,Disable 'Password Manager',"If this setting is enabled, Chrome will memorize passwords and automatically provide them when a user logs into a site. By disabling this feature the user will be prompted to enter their password each time they visit a website."
scid-2222222,REMOVED-This is test scid should never be seen in prod,This is test scid should never be seen in prod
scid-23,Enable 'Block third party cookies',Chrome allows cookies to be set by web page elements that are not from the domain in the user's address bar. Enabling this feature prevents third party cookies from being set.
scid-24,Set 'Remote Desktop security level' to 'TLS',Determines the method used by the server and client for authentication prior to a remote desktop connection being established.
scid-25,Enable 'Local Security Authority (LSA) protection',Forces LSA to run as Protected Process Light (PPL).
scid-2500,Block executable content from email client and webmail,"Attack Surface Reduction (ASR) rules are the most effective method for blocking the most common attack techniques being used in cyber attacks and malicious software.<br>This <a href=""https://docs.microsoft.com/microsoft-365/security/defender-endpoint/attack-surface-reduction-rules?view=o365-worldwide#block-executable-content-from-email-client-and-webmail"" target=_blank>ASR rule</a> blocks executable and script files (such as .exe, .dll, .scr, .ps, .vbs, .js) from launching from email in Microsoft Outlook or Outlook.com and other popular webmail providers.<br><br>This security control is only applicable for machines with Windows 10, version 1709 or later, and Windows Server 2019."
scid-2501,Block all Office applications from creating child processes,"Attack Surface Reduction (ASR) rules are the most effective method for blocking the most common attack techniques being used in cyber attacks and malicious software.<br>This <a href=""https://docs.microsoft.com/microsoft-365/security/defender-endpoint/attack-surface-reduction-rules?view=o365-worldwide#block-all-office-applications-from-creating-child-processes"" target=_blank>ASR rule</a> blocks Office apps from creating child processes. This includes Word, Excel, PowerPoint, OneNote, and Access.<br><br>Note: Some legitimate line-of-business applications might also use behaviors like this, including spawning a command prompt or using PowerShell to configure registry settings.<br><br>This security control is only applicable for machines with Windows 10, version 1709 or later, and Windows Server 2019."
scid-2502,Block Office applications from creating executable content,"Attack Surface Reduction (ASR) rules are the most effective method for blocking the most common attack techniques being used in cyber attacks and malicious software.<br>This <a href=""https://docs.microsoft.com/microsoft-365/security/defender-endpoint/attack-surface-reduction-rules?view=o365-worldwide#block-office-applications-from-creating-executable-content"" target=_blank>ASR rule</a> prevents Office apps, including Word, Excel, and PowerPoint, from creating executable content.<br><br>This security control is only applicable for machines with Windows 10, version 1709 or later, and Windows Server 2019."
scid-2503,Block Office applications from injecting code into other processes,"Attack Surface Reduction (ASR) rules are the most effective method for blocking the most common attack techniques being used in cyber attacks and malicious software.<br>This <a href=""https://docs.microsoft.com/microsoft-365/security/defender-endpoint/attack-surface-reduction-rules?view=o365-worldwide#block-office-applications-from-injecting-code-into-other-processes"" target=_blank>ASR rule</a> blocks code injection attempts from Office apps into other processes. There are no known legitimate business purposes for using code injection<br><br>This security control is only applicable for machines with Windows 10, version 1709 or later, and Windows Server 2019."
scid-2504,Block JavaScript or VBScript from launching downloaded executable content,"Attack Surface Reduction (ASR) rules are the most effective method for blocking the most common attack techniques being used in cyber attacks and malicious software.<br>This <a href=""https://docs.microsoft.com/microsoft-365/security/defender-endpoint/attack-surface-reduction-rules?view=o365-worldwide#block-javascript-or-vbscript-from-launching-downloaded-executable-content"" target=_blank>ASR rule</a> prevents JavaScript and VBScript from being allowed to launch apps.<br><br>Note: This isn't a common line-of-business use, but line-of-business applications sometimes use scripts to download and launch installers.<br><br>This security control is only applicable for machines with Windows 10, version 1709 or later, and Windows Server 2019."
scid-2505,Block execution of potentially obfuscated scripts,"Attack Surface Reduction (ASR) rules are the most effective method for blocking the most common attack techniques being used in cyber attacks and malicious software.<br>This <a href=""https://docs.microsoft.com/microsoft-365/security/defender-endpoint/attack-surface-reduction-rules?view=o365-worldwide#block-execution-of-potentially-obfuscated-scripts"" target=_blank>ASR rule</a> prevents scripts that appear to be obfuscated from running. It uses the AntiMalwareScanInterface (AMSI) to determine if a script is potentially obfuscated, and then blocks such a script, or blocks scripts when an attempt is made to access them.<br><br>This security control is only applicable for machines with Windows 10, version 1709 or later, and Windows Server 2019."
scid-2506,Block Win32 API calls from Office macros,"Attack Surface Reduction (ASR) rules are the most effective method for blocking the most common attack techniques being used in cyber attacks and malicious software.<br>This <a href=""https://docs.microsoft.com/microsoft-365/security/defender-endpoint/attack-surface-reduction-rules?view=o365-worldwide#block-win32-api-calls-from-office-macros"" target=_blank>ASR rule</a> prevents using Win32 APIs in VBA macros.<br><br>Note: Most organizations don't use this functionality, but might still rely on using other macro capabilities.<br><br>This security control is only applicable for machines with Windows 10, version 1709 or later, and Windows Server 2019."
scid-2507,"Block executable files from running unless they meet a prevalence, age, or trusted list criterion","Attack Surface Reduction (ASR) rules are the most effective method for blocking the most common attack techniques being used in cyber attacks and malicious software.<br>This <a href=""https://docs.microsoft.com/microsoft-365/security/defender-endpoint/attack-surface-reduction-rules?view=o365-worldwide#block-executable-files-from-running-unless-they-meet-a-prevalence-age-or-trusted-list-criterion"" target=_blank>ASR rule</a> blocks executable files (such as .exe, .dll, .scr) from launching unless they either meet prevalence or age criteria, or they're in a trusted list or exclusion list.<br><br>This security control is only applicable for machines with Windows 10, version 1709 or later, and Windows Server 2019."
scid-2508,Use advanced protection against ransomware,"Attack Surface Reduction (ASR) rules are the most effective method for blocking the most common attack techniques being used in cyber attacks and malicious software.<br>This <a href=""https://docs.microsoft.com/microsoft-365/security/defender-endpoint/attack-surface-reduction-rules?view=o365-worldwide#use-advanced-protection-against-ransomware"" target=_blank>ASR rule</a> scans executable files entering the system to determine whether they're trustworthy.<br><br>This security control is only applicable for machines with Windows 10, version 1709 or later, and Windows Server 2019."
scid-2509,Block credential stealing from the Windows local security authority subsystem (lsass.exe),"Attack Surface Reduction (ASR) rules are the most effective method for blocking the most common attack techniques being used in cyber attacks and malicious software.<br>This <a href=""https://docs.microsoft.com/microsoft-365/security/defender-endpoint/attack-surface-reduction-rules?view=o365-worldwide#block-credential-stealing-from-the-windows-local-security-authority-subsystem-lsassexe"" target=_blank>ASR rule</a> locks down LSASS.<br><br>This security control is only applicable for machines with LSA protection not running."
scid-2510,Block process creations originating from PSExec and WMI commands,"Attack Surface Reduction (ASR) rules are the most effective method for blocking the most common attack techniques being used in cyber attacks and malicious software.<br>This <a href=""https://docs.microsoft.com/microsoft-365/security/defender-endpoint/attack-surface-reduction-rules?view=o365-worldwide#block-process-creations-originating-from-psexec-and-wmi-commands"" target=_blank>ASR rule</a> blocks processes through PsExec and WMI commands from running.<br><br>Warning: This rule is incompatible with management through System Center Configuration Manager because this rule blocks WMI commands the SCCM client uses to function correctly.<br><br>This security control is only applicable for machines with Windows 10, version 1709 or later, and Windows Server 2019."
scid-2511,Block untrusted and unsigned processes that run from USB,"Attack Surface Reduction (ASR) rules are the most effective method for blocking the most common attack techniques being used in cyber attacks and malicious software.<br>This <a href=""https://docs.microsoft.com/microsoft-365/security/defender-endpoint/attack-surface-reduction-rules?view=o365-worldwide#block-untrusted-and-unsigned-processes-that-run-from-usb"" target=_blank>ASR rule</a> allows admins to prevent unsigned or untrusted executable and script files (such as .exe, .dll, .scr, .ps, .vbs, .js) from running from USB removable drives, including SD cards.<br><br>This security control is only applicable for machines with Windows 10, version 1709 or later, and Windows Server 2019."
scid-2512,Block Office communication application from creating child processes,"Attack Surface Reduction (ASR) rules are the most effective method for blocking the most common attack techniques being used in cyber attacks and malicious software.<br>This <a href=""https://docs.microsoft.com/microsoft-365/security/defender-endpoint/attack-surface-reduction-rules?view=o365-worldwide#block-office-communication-application-from-creating-child-processes"" target=_blank>ASR rule</a> prevents Outlook from creating child processes, while still allowing legitimate Outlook functions.<br><br>This security control is only applicable for machines with Windows 10, version 1709 or later, and Windows Server 2019."
scid-2513,Block Adobe Reader from creating child processes,"Attack Surface Reduction (ASR) rules are the most effective method for blocking the most common attack techniques being used in cyber attacks and malicious software.<br>This <a href=""https://docs.microsoft.com/microsoft-365/security/defender-endpoint/attack-surface-reduction-rules?view=o365-worldwide#block-adobe-reader-from-creating-child-processes"" target=_blank>ASR rule</a> prevents Adobe Reader from creating additional child processes.<br><br>This security control is only applicable for machines with Windows 10, version 1709 or later, and Windows Server 2019."
scid-2514,Block persistence through WMI event subscription,"Attack Surface Reduction (ASR) rules are the most effective method for blocking the most common attack techniques being used in cyber attacks and malicious software.<br>This <a href=""https://docs.microsoft.com/microsoft-365/security/defender-endpoint/attack-surface-reduction-rules?view=o365-worldwide#block-persistence-through-wmi-event-subscription"" target=_blank>ASR rule</a> allows admins to have more control over WMI repository persistence.<br><br>This security control is only applicable for machines with Windows 10, version 1903 or later, and Windows Server 2019."
scid-2515,Block abuse of exploited vulnerable signed drivers,"Attack Surface Reduction (ASR) rules are the most effective method for blocking the most common attack techniques being used in cyber attacks and malicious software.<br>This <a href=""https://docs.microsoft.com/microsoft-365/security/defender-endpoint/attack-surface-reduction-rules?view=o365-worldwide#block-abuse-of-exploited-vulnerable-signed-drivers"" target=_blank>ASR rule</a> prevents an application from writing a vulnerable signed driver to disk.<br><br>This security control is only applicable for machines with Windows 10, version 1709 or later, and Windows Server 2019."
scid-26,Enable 'Safe DLL Search Mode',Determines whether an application searches for DLLs in the system path before searching the current working directory .
scid-27,Set User Account Control (UAC) to automatically deny elevation requests,Determines the behavior of the elevation prompt for standard users.
scid-28,Set 'Interactive logon: Machine inactivity limit' to '1-900 seconds',"Determines the amount of inactivity time (in seconds) of a logon session, beyond which the screen saver will run, locking the session.<br><br>This security control is only applicable for machines with Windows 10, version 1709 or later."
scid-29,Disable 'Enumerate administrator accounts on elevation',"Determines whether the user needs to provide both the administrator username and password to elevate a running application, or if the system displays a list of administrator accounts to choose from."
scid-3,Enable 'Information Bar',"Allows you to manage whether the Information Bar is displayed for Internet Explorer processes when file or code installs are restricted. By default, the Information Bar is displayed for Internet Explorer processes."
scid-30,Disable 'Insecure guest logons' in SMB,Determines whether insecure guest logons are used by file servers to allow unauthenticated access to shared folders.
scid-3000,Protect against Intel's Microarchitectural Data Sampling vulnerabilities (Zombieload),Determines the CPU behavior and limits the ability to exploit CPU speculative execution
scid-3001,Fix unquoted service path for Windows services,"Determines the existence on the machine of one or more services, which are configured with a path to executable that contains spaces and also isn't surrounded by quotation marks.."
scid-3002,Change service executable path to a common protected location,"Determines the existence on the machine of one or more services, which are configured with a path to executable that is stored in an uncommon/unprotected folder location."
scid-3003,Change service account to avoid cached password in windows registry,"Determines the existence on the machine of one or more services, which are configured to run with account that stores its password in reversible encryption in the registry."
scid-3010,Disable the built-in Administrator account,Determines whether the built-in Administrator account is disabled.
scid-3011,Disable the built-in Guest account,Determines whether the built-in Guest account is disabled.
scid-31,Disable 'Local Machine Run-Once',Determines whether the system will run a customized list of programs and documents the next time that the system starts.
scid-32,Set 'Minimum password length' to '14 or more characters',"Determines the minimum password length.<br><br>This security control is only assessed for machines with Windows 10, version 1709 or later."
scid-33,Set 'Enforce password history' to '24 or more password(s)',"Determines the number of unique new passwords that are required before an old password can be reused in association with a user account.<br><br>This security control is only assessed for machines with Windows 10, version 1709 or later."
scid-33333333,REMOVED-This is test scid should never be seen in prod,This is test scid should never be seen in prod
scid-34,"Set 'Maximum password age' to '60 or fewer days, but not 0'","Determines the period of time (in days) that a password can be used before the system requires the user to change it.<br><br>This security control is only assessed for machines with Windows 10, version 1709 or later."
scid-35,Set 'Minimum password age' to '1 or more day(s)',"Determines the number of days that you must use a password before you can change it.<br><br>This security control is only assessed for machines with Windows 10, version 1709 or later."
scid-36,Enable 'Domain member: Require strong (Windows 2000 or later) session key',"When this policy setting is enabled, a secure channel can only be established with Domain controllers that are capable of encrypting secure channel data with a strong (128-bit) session key."
scid-37,Enable 'Domain member: Digitally encrypt or sign secure channel data (always)',Determines whether all secure channel traffic that is initiated by the domain member must be signed or encrypted.
scid-38,Enable Set 'Domain member: Digitally encrypt secure channel data (when possible)',Determines whether a domain member should attempt to negotiate encryption for all secure channel traffic that it initiates.
scid-39,Enable 'Domain member: Digitally sign secure channel data (when possible)',Determines whether a domain member should attempt to negotiate whether all secure channel traffic that it initiates must be digitally signed. Digital signatures protect the traffic from being modified by anyone who captures the data as it traverses the network.
scid-4,Enable 'Bind to Object',"Determines whether Microsoft Internet Explorer performs its typical safety checks on Microsoft ActiveX controls when opening URLs that are passed to it by an Office application. By default, Internet Explorer performs additional safety checks when ActiveX controls are initialized. Specifically, it prevents the control from being created if the kill bit is set in the registry. It also checks the security settings for the zone of the URL in which the control is instantiated to determine whether the control can be safely initialized. For the same behavior of the selectable applications, such as Excel and Word when they instantiate the use of Internet Explorer, the policy must be Enabled and the applications selected."
scid-40,Disable 'Domain member: Disable machine account password changes',Determines whether automatic password changes are enforced on computer accounts.
scid-4000,Disallow offline access to shares,"Determines whether the Offline Files feature is enabled for a shared folder on the device. Offline Files saves a copy of network files on the user's device, which can be accessed when the computer is not connected to the network."
scid-4001,Remove share write permission set to ‘Everyone’,Determines whether a shared folder has write permission set to ‘Everyone’ both in NTFS permission and share permission.
scid-4002,Remove shares from the root folder,Determines whether there is a share on a device sharing the root folder.
scid-4003,Set folder access-based enumeration for shares,Set access-based enumeration (ABE) on SMB shares to prevent users from seeing shared resources that they do not have permission to access
scid-41,Set 'Account lockout duration' to 15 minutes or more,"Determines the length of time that must pass before a locked account is unlocked and a user can try to log on again. If configured to 0, accounts will remain locked out until an administrator manually unlocks them.<br><br>This security control is only assessed for machines with Windows 10, version 1709 or later."
scid-42,Set 'Reset account lockout counter after' to 15 minutes or more,"Determines the length of time before the 'Account lockout threshold' counter resets to zero after a failed logon attempt. This reset time must be less than or equal to the value of the 'Account lockout duration' setting.<br><br>This security control is only assessed for machines with Windows 10, version 1709 or later."
scid-43,Disable Microsoft Defender Firewall notifications when programs are blocked for Domain profile,Determines whether Microsoft Defender Firewall with Advanced Security display notifications to the user when a program is blocked from receiving inbound connections.
scid-44,Set 'Account lockout threshold' to 1-10 invalid login attempts,"Determines the number of failed logon attempts before the account is locked. The number of failed logon attempts should be reasonably small to minimize the possibility of a successful password attack, while still allowing for honest errors made during a legitimate user logon.<br><br>This security control is only assessed for machines with Windows 10, version 1709 or later."
scid-45,Set user authentication for remote connections by using Network Level Authentication to 'Enabled',Determines whether to require user authentication for remote connections to the RD Session Host server by using Network Level Authentication.
scid-46,Disable Microsoft Defender Firewall notifications when programs are blocked for Private profile,Determines whether Microsoft Defender Firewall with Advanced Security display notifications to the user when a program is blocked from receiving inbound connections.
scid-47,Set 'Windows Firewall: Public: Firewall state' to 'On (recommended)',"Select On (recommended) to have Windows Firewall with Advanced Security use the settings for this profile to filter network traffic. If you select Off, Windows Firewall with Advanced Security will not use any of the firewall rules or connection security rules for this profile."
scid-48,Set 'Windows Firewall: Public: Inbound connections' to 'Block (default)',Determines the behavior for inbound connections that do not match an inbound firewall rule.
scid-49,Disable Microsoft Defender Firewall notifications when programs are blocked for Public profile,Determines whether Microsoft Defender Firewall with Advanced Security display notifications to the user when a program is blocked from receiving inbound connections.
scid-5,Enable 'Restrict File Download',Configures whether file download prompts that are not user-initiated are allowed.
scid-50,Disable merging of local Microsoft Defender Firewall rules with group policy firewall rules for the Public profile,Controls whether local administrators are allowed to create local firewall rules that apply together with firewall rules configured by Group Policy. This recommendation is not applicable to Azure virtual machines.
scid-5000,REMOVED-Turn on Microsoft Defender for Endpoint sensor for MacOS,"Determines whether the Microsoft Defender for Endpoint sensor installed on MacOS collect and process behavioral signals from the operating system and sends this sensor data to your private, isolated, cloud instance of Microsoft Defender for Endpoint"
scid-5001,Fix Microsoft Defender for Endpoint sensor data collection in macOS,The Microsoft Defender for Endpoint service relies on sensor data collection to determine the security state of a machine.
scid-5002,Fix Microsoft Defender for Endpoint impaired communications in macOS,This status indicates that there's limited communication between the machine and the Microsoft Defender for Endpoint service.
scid-5003,Set minimum password length to 15 or more characters in macOS,Determines the minimum password length.
scid-5004,Set 'Enforce password history' to '24 or more password(s)' in macOS,Determines the number of unique new passwords that are required before an old password can be reused in association with a user account.
scid-5005,"Set 'Maximum password age' to '90 or fewer days, but not 0' in macOS",Determines the period of time (in days) that a password can be used before the system requires the user to change it.
scid-5006,Set account lockout threshold to 5 or lower in macOS,Specifies the amount of times a user can enter an incorrect password before a lockout will occur.
scid-5007,Turn on Firewall in macOS,Firewall is designed to keep hackers and malicious software from gaining access to your device through a network or the Internet.
scid-5008,REMOVED-Security Assessment Policy,TBD
scid-5009,Enable Gatekeeper in macOS,"Gatekeeper is an application allow list control that restricts downloaded applications from launching, limiting applications from unverified sources from running without authorization."
scid-5010,Enable System Integrity Protection (SIP) in macOS,"System Integrity Protection restricts access to system domain locations and restricts runtime attachment to system processes. Any attempt to inspect or attach to a system process will fail. It’s vital to prevent unauthorized and unintended information transfer via shared system resources, protect audit tools from unauthorized access, modification, and deletion, limit privileges to change software resident within software libraries, limit the ability of non-privileged users to grant other users direct access to the contents of their home directories/folders."
scid-5011,Enable FileVault Disk Encryption in macOS,FileVault secures a system's data by automatically encrypting its boot volume and requiring a password or recovery key to access it. Encrypting the system hard drive ensures both confidentiality and integrity of any data stored on the system.
scid-5012,REMOVED-Set screen to lock when screensaver starts in macOS,Checks whether the device is set to prompt for a password when waking from screensaver mode with no grace period.
scid-5013,Ensure screensaver is set to start in 20 minutes or less in macOS,This setting controls the inactivity interval for the screensaver. A locking screensaver is one of the standard security controls to limit access to a computer and the current user's session when the computer is temporarily unused or unattended.
scid-5014,Secure Home Folders in macOS,"By default macOS allows all valid users into the top level of every networked user's home folder, with the ability to view the folder content. This control restricts access to a home folder to only the user, helping to protect against inadvertent information disclosures."
scid-5090,Turn on Microsoft Defender Antivirus real-time protection in macOS,This status indicates that Microsoft Defender Antivirus real-time protection is disabled.
scid-5091,Turn on Microsoft Defender Antivirus PUA protection in block mode in macOS,Enabling Potentially Unwanted Application (PUA) protection in block mode will block and automatically quarantine potentially unwanted applications. PUA protection blocking takes effect on endpoint clients after the next signature update or computer restart.<br><br>
scid-5092,Turn on Tamper Protection for MacOS,"Tamper protection in macOS helps prevent unwanted changes to security settings from being made by unauthorized users. Tamper protection helps prevent unauthorized removal of Microsoft Defender for Endpoint on macOS. This capability also helps important security files, processes, and configuration settings from being tampered.<br><br>."
scid-5093,Enable Microsoft Defender Antivirus real-time behavior monitoring in macOS,"Determines whether Microsoft Defender Antivirus monitors file processes, file and registry changes, and other events on your endpoints for suspicious and known malicious activity."
scid-5094,Enable Microsoft Defender Antivirus cloud-delivered protection in macOS,"Indicates that Microsoft Defender Antivirus cloud-delivered protection is not enabled. Cloud-delivered protection service provides very important protection against malware on your endpoints and across your network. <a href=""https://docs.microsoft.com//windows/security/threat-protection/windows-defender-antivirus/utilize-microsoft-cloud-protection-windows-defender-antivirus"" target=_blank>Learn more about cloud-delivered protection</a><br><br>"
scid-5095,Update Microsoft Defender Antivirus definitions in macOS,This status indicates that Microsoft Defender Antivirus definitions are not up to date.
scid-51,Disable merging of local Microsoft Defender Firewall connection rules with group policy firewall rules for the Public profile,Controls whether local administrators are allowed to create connection security rules that apply together with connection security rules configured by Group Policy.
scid-52,Enable 'Apply UAC restrictions to local accounts on network logons',"With User Account Control enabled, filtering the privileged token for built-in administrator accounts will prevent the elevated privileges of these accounts from being used over the network.<br>This recommendation is not applicable for organizations which use local password management solution (like LAPS) to protect local accounts for remote administration and support."
scid-53,Disable SMBv1 client driver,Disabling SMBv1 support may prevent access to file or print sharing resources with systems or devices that only support SMBv1.
scid-54,Disable SMBv1 server,Disabling SMBv1 support may prevent access to file or print sharing resources with systems or devices that only support SMBv1.
scid-55,Disable 'Network access: Let Everyone permissions apply to anonymous users',"Determines whether anonymous network users have the same rights and permissions as the built-in 'Everyone' group..<br><br>This security control is only assessed for machines on Windows 10, version 1709 or later."
scid-57,Disable 'WDigest Authentication',"When the WDigest Authentication protocol is enabled, plain text passwords are stored in the Local Security Authority Subsystem Service (LSASS) exposing them to theft."
scid-58,Disable 'Installation and configuration of Network Bridge on your DNS domain network',"Determines whether a user can install and configure the Network Bridge. The Network Bridge allows users to create a layer 2 MAC bridge, enabling them to connect two or more network segments together."
scid-59,Enable 'Require domain users to elevate when setting a network's location',Determines whether to require domain users to elevate when setting a network's location.
scid-60,Prohibit use of Internet Connection Sharing on your DNS domain network,"Determines whether an existing internet connection, such as through wireless, can be shared and used by other systems essentially creating a mobile hotspot."
scid-6000,REMOVED-Turn on Microsoft Defender for Endpoint sensor for Linux,"Determines whether the Microsoft Defender for Endpoint sensor installed on Linux machine collect and process behavioral signals from the operating system and sends this sensor data to your private, isolated, cloud instance of Microsoft Defender for Endpoint"
scid-6001,Fix Microsoft Defender for Endpoint sensor data collection for Linux,The Microsoft Defender for Endpoint service relies on sensor data collection to determine the security state of a machine.
scid-6002,Fix Microsoft Defender for Endpoint impaired communications for Linux,This status indicates that there's limited communication between the machine and the Microsoft Defender for Endpoint service.
scid-6014,Unrestricted Access Accounts for Linux,This settings makes sure that only &quot;root&quot; will have unrestricted access.
scid-6090,Turn on Microsoft Defender Antivirus real-time protection for Linux,This status indicates that Microsoft Defender Antivirus real-time protection is disabled.
scid-6091,Turn on Microsoft Defender Antivirus PUA protection in block mode for Linux,Enabling Potentially Unwanted Application (PUA) protection in block mode will block and automatically quarantine potentially unwanted applications. PUA protection blocking takes effect on endpoint clients after the next signature update or computer restart.<br><br>
scid-6092,Turn on Microsoft Defender Antivirus Tamper Protection for Linux,Tamper Protection essentially locks Microsoft Defender for Endpoint and prevents your security settings from being changed through various apps and methods such as editing or removing security settings through group policies.<br><br>.
scid-6093,Enable Microsoft Defender Antivirus real-time behavior monitoring for Linux,"Determines whether Microsoft Defender Antivirus monitors file processes, file and registry changes, and other events on your endpoints for suspicious and known malicious activity."
scid-6094,Enable Microsoft Defender Antivirus cloud-delivered protection for Linux,"Indicates that Microsoft Defender Antivirus cloud-delivered protection is not enabled. Cloud-delivered protection service provides very important protection against malware on your endpoints and across your network. <a href=""https://docs.microsoft.com//windows/security/threat-protection/windows-defender-antivirus/utilize-microsoft-cloud-protection-windows-defender-antivirus"" target=_blank>Learn more about cloud-delivered protection</a><br><br>"
scid-6095,Update Microsoft Defender Antivirus definitions for Linux,This status indicates that Microsoft Defender Antivirus definitions are not up to date.
scid-61,Set 'Minimum PIN length for startup' to '6 or more characters',Determines the minimum PIN length for authentication without sending a password to a network where it could be compromised.
scid-62,Enable 'Require additional authentication at startup',"Determines whether BitLocker requires additional authentication each time the computer starts, and whether you are using BitLocker with or without a Trusted Platform Module (TPM)."
scid-63,Disable 'Configure Offer Remote Assistance',"Determines whether unsolicited offers of help to this computer via Remote Assistance are allowed. Help desk and support personnel will not be able to proactively offer assistance, although they can still respond to user assistance requests."
scid-64,Restrict anonymous access to named pipes and Shares,Determines whether anonymous access is restricted to only shares and pipes that are named.
scid-65,Disable 'Store LAN Manager hash value on next password change',Controls whether or not a LAN Manager hash of the password is stored in the SAM the next time the password is changed.
scid-66,Disable 'Always install with elevated privileges',Determines whether Windows Installer always elevates privileges when installing applications.
scid-67,Disable 'Autoplay for non-volume devices',Determines whether autoplay for non-volume devices (such as Media Transfer Protocol (MTP) devices) is enabled or disabled.
scid-68,Disable 'Anonymous enumeration of SAM accounts',"Controls the ability of anonymous users to enumerate the accounts in the Security Accounts Manager (SAM). If you enable this policy setting, users with anonymous connections will not be able to enumerate domain account user names on the systems in your environment."
scid-69,Disable 'Autoplay' for all drives,"Determines whether Autoplay is enabled on the device. Autoplay starts to read from a drive as soon as you insert media in the drive, which causes the setup file for programs or audio media to start immediately"
scid-7,Enable 'Disable User name and Password',Controls whether Internet Explorer opens URLs containing user information that are passed to it by an Office application.
scid-70,Set default behavior for 'AutoRun' to 'Enabled: Do not execute any autorun commands',Determines whether Autorun commands are allowed to execute. Autorun commands are generally stored in autorun.inf files. They often launch the installation program or other routines.
scid-71,Enable 'Limit local account use of blank passwords to console logon only',"Determines whether local accounts that are not password protected can be used to log on from locations other than the physical computer console. By enabling this configuration, local accounts that have blank passwords will not be able to log on to the network from remote client computers. Such accounts will only be able to log on at the keyboard of the computer."
scid-72,Set LAN Manager authentication level to 'Send NTLMv2 response only. Refuse LM & NTLM',"Determines which challenge/response authentication protocol is used for network logons. This choice affects the level of authentication protocol used by clients, the level of session security negotiated, and the level of authentication accepted by servers."
scid-73,Disable 'Allow Basic authentication' for WinRM Client,Determines whether the Windows Remote Management (WinRM) client uses Basic authentication.
scid-74,Disable 'Allow Basic authentication' for WinRM Service,Determines whether the Windows Remote Management (WinRM) service accepts Basic authentication.
scid-75,Disable Flash on Adobe Reader DC,Determines whether Adobe Reader will render Flash content.
scid-76,Disable JavaScript on Adobe Reader DC,Determines whether to globally disable and lock JavaScript execution in Adobe Reader
scid-77,Disable Flash on Adobe Acrobat Pro XI,Determines whether Adobe Acrobat will render Flash content.
scid-78,Disable JavaScript on Adobe Acrobat Pro XI,Determines whether to globally disable and lock JavaScript execution in Adobe Acrobat
scid-79,Disable running or installing downloaded software with invalid signature,Determines whether downloaded software with invalid signature can be run or installed.
scid-8,Enable 'Scripted Window Security Restrictions',Malicious websites often try to confuse or trick users into giving a site permission to perform an action that allows the site to take control of the users' computers in some manner.
scid-80,Block Flash activation in Office documents,Determines whether Flash can be used in office documents.
scid-81,Set IPv6 source routing to highest protection,Determines whether IPv6 source routing is enabled.
scid-82,Disable IP source routing,Determines whether IP source routing is enabled.
scid-83,Enable Explorer Data Execution Prevention (DEP),Determines whether Data Execution Prevention can be turned off for File Explorer.
scid-84,Enable Local Admin password management,Enables management of password for local administrator account in AD. <br><br>This security control is only applicable for machines that are not domain controllers.
scid-85,Block outdated ActiveX controls for Internet Explorer,This feature keeps ActiveX controls up to date and helps make them safer to use in Internet Explorer.
scid-87,Disable Solicited Remote Assistance,Remote assistance allows another user to view or take control of the local session of a user.  Solicited assistance is help that is specifically requested by the local user.
scid-88,Disable Anonymous enumeration of shares,Determines whether anonymous logon users (null session connections) are allowed to list all account names and enumerate all shared resources
scid-89,Enable scanning of removable drives during a full scan,"This setting controls whether or not to scan for malicious software and unwanted software in the contents of removable drives, such as USB flash drives, when running a full scan.<br><br>This security control is only applicable for machines with Windows 10, version 1709 or later."
scid-9,Enable 'Local Machine Zone Lockdown Security',"When Internet Explorer opens a Web page, it places restrictions on what the page can do, based on the page's Internet Explorer security zone. There are several possible security zones, each with different sets of restrictions. The security zone for a page is determined by its location. For example, pages that are located on the Internet will normally be in the more restrictive Internet security zone. They might not be allowed to perform some operations, such as accessing the local hard drive. Pages that are located on your corporate network would normally be in the Intranet security zone, and have fewer restrictions."
scid-90,Enable Microsoft Defender Antivirus email scanning,Determines whether Microsoft Defender Antivirus analyzes the mail bodies and attachments and scans them for malicious content.
scid-9016,REMOVED-[TEST only] Enable cloud-delivered protection,"Indicates that Microsoft Defender Antivirus cloud-delivered protection is not enabled. Cloud-delivered protection service provides very important protection against malware on your endpoints and across your network. <a href=""https://docs.microsoft.com/en-us/windows/security/threat-protection/windows-defender-antivirus/utilize-microsoft-cloud-protection-windows-defender-antivirus"" target=_blank>Learn more about cloud-delivered protection</a><br><br>This security control is only assessed for machines on Windows 10, version 1709 or later, and Windows Server 2019."
scid-91,Enable Microsoft Defender Antivirus real-time behavior monitoring,"Determines whether Microsoft Defender Antivirus monitors file processes, file and registry changes, and other events on your endpoints for suspicious and known malicious activity."
scid-92,Enable Microsoft Defender Antivirus scanning of downloaded files and attachments,Determines whether Microsoft Defender Antivirus scans all downloaded files and attachments for malicious code.
scid-93,Disable the local storage of passwords and credentials,Determines whether Credential Manager saves passwords or credentials locally for later use when it gains domain authentication.
scid-94,Disable sending unencrypted password to third-party SMB servers,Determines whether the SMB redirector will send unencrypted (plain text) passwords when authenticating to third-party SMB servers that do not support password encryption.
scid-95,Enable 'Microsoft network client: Digitally sign communications (always)',"Determines whether packet signing is required by the SMB client component. If this is enabled, the SMB client will only communicate with an SMB server that performs SMB packet signing."
scid-96,Enable 'Network Protection',"<a href=""https://docs.microsoft.com/windows/security/threat-protection/microsoft-defender-atp/network-protection"" target=_blank>Network protection</a> helps reduce the attack surface of your devices from Internet-based events. It prevents employees from using any application to access dangerous domains that may host phishing scams, exploits, and other malicious content on the Internet.<br>It expands the scope of Windows Defender SmartScreen to block all outbound HTTP(s) traffic that attempts to connect to low-reputation sources (based on the domain or hostname)<br><br>This security control is only assessed for machines with Windows 10, version 1709 or later, and Windows Server 2019."
scid-97,Disable JavaScript on Adobe DC,Determines whether to globally disable and lock JavaScript execution in Adobe DC
scid-98,Disable JavaScript on Adobe Reader 2017,Determines whether to globally disable and lock JavaScript execution in Adobe Reader 2017
scid-99,Disable JavaScript on Adobe Acrobat 2017,Determines whether to globally disable and lock JavaScript execution in Adobe Acrobat 2017
SelfServicePasswordReset,Enable self-service password reset,"With self-service password reset in Azure Active Directory, users no longer need to engage help desk to reset passwords. This feature works well with Azure AD dynamically banned passwords, which prevents easily guessable passwords from being used."
SigninRiskPolicy,Turn on sign-in risk policy,Turning on the sign-in risk policy ensures that suspicious sign-ins are challenged for multifactor authentication (MFA).
spo_guest_share_account,Guests must sign in using the same account to which sharing invitations are sent,Prevents guests from redeeming site sharing invitations using a different email address than the invitation was sent to.
spo_idle_session_timeout,Sign out inactive users in SharePoint Online,Idle session sign-out lets you specify a time at which users are warned and are later signed out of Microsoft 365 after a period of browser inactivity in SharePoint and OneDrive.
spo_legacy_auth,Ensure modern authentication for SharePoint applications is required,"Modern authentication in Microsoft 365 enables authentication features like multifactor authentication (MFA) using smart cards, certificate-based authentication (CBA), and third-party SAML identity providers."
UserRiskPolicy,Turn on user risk policy,"With the user risk policy turned on, Azure Active Directory detects the probability that a user account has been compromised. As an administrator, you can configure a user risk Conditional Access policy to automatically respond to a specific user risk level. For example, you can block access to your resources or require a password change to get a user account back into a clean state."
mcas_mda_enabled,Ensure Microsoft Defender for Cloud Apps is enabled and configured,Ensure Defender for Cloud Apps is enabled to get protection for your cloud apps
aad_phishing_MFA_strength,Ensure 'Phishing-resistant MFA strength' is required for Administrators,"Authentication strength is a Conditional Access control that allows administrators to specify which combination of authentication methods can be used to access a resource. For example, they can make only phishing-resistant authentication methods available to access a sensitive resource. However, to access a non-sensitive resource, they can allow less secure multifactor authentication (MFA) combinations, such as password + SMS. Microsoft has 3 built-in authentication strengths: MFA strength, Passwordless MFA strength, and Phishing-resistant MFA strength. Ensure administrator roles are using a CA policy with Phishing-resistant MFA strength. Administrators can then enroll using one of 3 methods: FIDO2 Security Key, Windows Hello for Business, and Certificate-based authentication (Multi-Factor). NOTE: Additional steps to configure methods such as FIDO2 keys are not covered here but can be found in related MS articles in the references section. The Conditional Access policy only ensures 1 of the 3 methods is used. WARNING: Administrators must be pre-registered for a strong authentication mechanism before this Conditional Access Policy is enforced. Additionally, as stated elsewhere in the CIS Benchmark, a break-glass administrator account should be excluded from this policy to ensure unfettered access in the case of an emergency. Rationale: Sophisticated attacks targeting MFA are more prevalent and require robust security measures."
aad_custom_banned_passwords,Ensure custom banned passwords lists are used,"Microsoft Entra ID Password Protection automatically applies default global banned password lists to all users in a Microsoft Entra ID tenant. To support business and security needs, custom banned password lists can be defined. When users change or reset their passwords, these banned password lists are checked to enforce the use of strong passwords. A custom banned password list should include some of the following examples: Brand names, Product names, Locations (such as company headquarters), Company-specific internal terms, and Abbreviations that have specific company meaning. Rationale: Creating a new password can be difficult regardless of one`s technical background. It is common to look around one`s environment for suggestions when building a password; however, this may include picking words specific to the organization as inspiration for a password. An adversary may employ what is called a `mangler` to create permutations of these specific words in an attempt to crack passwords or hashes, making it easier to reach their goal."
aad_third_party_apps,Ensure third party integrated applications are not allowed,"Do not allow third-party integrated applications to connect to your services. Only permit such connections if there is a clear value and robust security controls are in place. While there are legitimate use cases, attackers can exploit breached accounts to exfiltrate data through third-party applications without needing to maintain the compromised account."
aad_admin_consent_workflow,Ensure the admin consent workflow is enabled,"Without an admin consent workflow (Preview), a user in a tenant where user consent is disabled will be blocked when they try to access any app that requires permissions to access organizational data. The user sees a generic error message that says they`re unauthorized to access the app and they should ask their admin for help. The admin consent workflow (Preview) gives admins a secure way to grant access to applications that require admin approval. When a user tries to access an application but is unable to provide consent, they can send a request for admin approval. The request is sent via email to admins who have been designated as reviewers. A reviewer acts on the request, and the user is notified of the action."
